Site,Name,Latitude,Longitude,Altitude (m),Transmitter,Height (m),Azimuth (°),Priority,
CE001,ESB Ennis North,52.862819,-8.983717,5,CE001 ESB Ennis North_5  ,23.1,30,#N/A,
CE001,ESB Ennis North,52.862819,-8.983717,5,CE001 ESB Ennis North_6  ,23.1,206,#N/A,
CE003,RTE Woodcock Hill,52.71987,-8.692214,258,CE003 RTE Woodcock Hill 1 ,28,120,Priority,
CE003,RTE Woodcock Hill,52.71987,-8.692214,258,CE003 RTE Woodcock Hill 2 ,29,175,Priority,
CE003,RTE Woodcock Hill,52.71987,-8.692214,258,CE003 RTE Woodcock Hill 3 ,27,230,Priority,
CE006,ESB Drumline,52.723675,-8.862105,13,CE006 ESB Drumline_1   ,17,60,Priority,
CE006,ESB Drumline,52.723675,-8.862105,13,CE006 ESB Drumline_2   ,17,220,Priority,
CE009,RTE Lahinch,52.99346,-9.372596,192,CE009 RTE Lahinch_1   ,23.1,70,Priority,
CE009,RTE Lahinch,52.99346,-9.372596,192,CE009 RTE Lahinch_2   ,23.1,70,Priority,
CE009,RTE Lahinch,52.99346,-9.372596,192,CE009 RTE Lahinch_3   ,23.1,185,Priority,
CE009,RTE Lahinch,52.99346,-9.372596,192,CE009 RTE Lahinch_4   ,23.1,185,Priority,
CE009,RTE Lahinch,52.99346,-9.372596,192,CE009 RTE Lahinch_5   ,27,315,Priority,
CE009,RTE Lahinch,52.99346,-9.372596,192,CE009 RTE Lahinch_6   ,27,315,Priority,
CE010,Towercom Ben Dash,52.78724877,-9.165839568,250,CE010 Towercom Ben Dash 1 ,39,0,Priority,
CE010,Towercom Ben Dash,52.78724877,-9.165839568,250,CE010 Towercom Ben Dash 2 ,39,100,Priority,
CE010,Towercom Ben Dash,52.78724877,-9.165839568,250,CE010 Towercom Ben Dash 3 ,39,190,Priority,
CE012,ESB Ennis 110kV,52.85972,-8.936389,14,CE012 ESB Ennis 110kV_1  ,26,80,Priority,
CE012,ESB Ennis 110kV,52.85972,-8.936389,14,CE012 ESB Ennis 110kV_2  ,26,240,Priority,
CE013,RTE Maghera,52.96827,-8.71861,393,CE013 RTE Maghera_1   ,50.4,40,Priority,
CE013,RTE Maghera,52.96827,-8.71861,393,CE013 RTE Maghera_2   ,52,170,Priority,
CE013,RTE Maghera,52.96827,-8.71861,393,CE013 RTE Maghera_3   ,51.4,270,Priority,
CE022,Vodafone Cloghaun Beg,52.755945,-9.421334,46,CE022 Vodafone Cloghaun Beg_1  ,26,0,Priority,
CE011,Vodafone Kilnamona,52.89139,-9.082786,177,CE011 Vodafone Kilnamona_1   ,32,0,#N/A,
CE011,Vodafone Kilnamona,52.89139,-9.082786,177,CE011 Vodafone Kilnamona_2   ,32,0,#N/A,
CE022,Vodafone Cloghaun Beg,52.755945,-9.421334,46,CE022 Vodafone Cloghaun Beg_2  ,26,0,Priority,
CE022,Vodafone Cloghaun Beg,52.755945,-9.421334,46,CE022 Vodafone Cloghaun Beg_3  ,26,120,Priority,
CE022,Vodafone Cloghaun Beg,52.755945,-9.421334,46,CE022 Vodafone Cloghaun Beg_4  ,26,120,Priority,
CE022,Vodafone Cloghaun Beg,52.755945,-9.421334,46,CE022 Vodafone Cloghaun Beg_5  ,26,240,Priority,
CE022,Vodafone Cloghaun Beg,52.755945,-9.421334,46,CE022 Vodafone Cloghaun Beg_6  ,26,240,Priority,
CE023,Vodafone Lackamore Hill,52.8847,-9.33881,189,CE023 Vodafone Lackamore Hill_1  ,23,40,Priority,
CE023,Vodafone Lackamore Hill,52.8847,-9.33881,189,CE023 Vodafone Lackamore Hill_2  ,23,40,Priority,
CE023,Vodafone Lackamore Hill,52.8847,-9.33881,189,CE023 Vodafone Lackamore Hill_3  ,23,224,Priority,
CE023,Vodafone Lackamore Hill,52.8847,-9.33881,189,CE023 Vodafone Lackamore Hill_4  ,23,224,Priority,
CE028,Towercom Moveen,52.656831,-9.682957,98,CE028 Towercom Moveen_1   ,19,60,Priority,
CE028,Towercom Moveen,52.656831,-9.682957,98,CE028 Towercom Moveen_2   ,19,225,Priority,
CK023,ESB Macroom,51.89791,-8.960884,162,CK023 ESB Macroom_1   ,24.1,355,Priority,
CK023,ESB Macroom,51.89791,-8.960884,162,CK023 ESB Macroom_2   ,24.1,355,Priority,
CK023,ESB Macroom,51.89791,-8.960884,162,CK023 ESB Macroom_3   ,24.1,175,Priority,
CK023,ESB Macroom,51.89791,-8.960884,162,CK023 ESB Macroom_4   ,24.1,175,Priority,
CK024,ESB Carrigaline MW,51.79121,-8.39674,147,CK024 ESB Carrigaline MW_1  ,34.25,0,Priority,
CK024,ESB Carrigaline MW,51.79121,-8.39674,147,CK024 ESB Carrigaline MW_2  ,34.25,110,Priority,
CK024,ESB Carrigaline MW,51.79121,-8.39674,147,CK024 ESB Carrigaline MW_3  ,34.25,240,Priority,
CK025,ESB Mylane,51.847624,-8.645447,203,CK025 ESB Mylane_1   ,30,60,Priority,
CK025,ESB Mylane,51.847624,-8.645447,203,CK025 ESB Mylane_2   ,30,180,Priority,
CK025,ESB Mylane,51.847624,-8.645447,203,CK025 ESB Mylane_3   ,30,300,Priority,
CK042,Towercom Bweeng,52.063129,-8.775733,416,CK042 Towercom Bweeng_1   ,34,30,Priority,
CE011,Vodafone Kilnamona,52.89139,-9.082786,177,CE011 Vodafone Kilnamona_3   ,21,120,#N/A,
CE011,Vodafone Kilnamona,52.89139,-9.082786,177,CE011 Vodafone Kilnamona_4   ,21,120,#N/A,
CE011,Vodafone Kilnamona,52.89139,-9.082786,177,CE011 Vodafone Kilnamona_5   ,21,240,#N/A,
CE011,Vodafone Kilnamona,52.89139,-9.082786,177,CE011 Vodafone Kilnamona_6   ,21,240,#N/A,
CE027,Vodafone Kilmihill,52.708831,-9.315748,66,CE027 Vodafone Kilmihill_1   ,25.5,90,#N/A,
CE027,Vodafone Kilmihill,52.708831,-9.315748,66,CE027 Vodafone Kilmihill_2   ,25.5,90,#N/A,
CE027,Vodafone Kilmihill,52.708831,-9.315748,66,CE027 Vodafone Kilmihill_3   ,25.5,210,#N/A,
CE027,Vodafone Kilmihill,52.708831,-9.315748,66,CE027 Vodafone Kilmihill_4   ,25.5,210,#N/A,
CE027,Vodafone Kilmihill,52.708831,-9.315748,66,CE027 Vodafone Kilmihill_5   ,25.5,330,#N/A,
CE027,Vodafone Kilmihill,52.708831,-9.315748,66,CE027 Vodafone Kilmihill_6   ,25.5,330,#N/A,
CE031,3IRL Knockeera,52.655537,-9.391221,84,CE031 3IRL Knockeera_1   ,16.5,350,#N/A,
CE031,3IRL Knockeera,52.655537,-9.391221,84,CE031 3IRL Knockeera_2   ,16.5,350,#N/A,
CK042,Towercom Bweeng,52.063129,-8.775733,416,CK042 Towercom Bweeng_2   ,29,120,Priority,
CK042,Towercom Bweeng,52.063129,-8.775733,416,CK042 Towercom Bweeng_3   ,29,290,Priority,
CK043,Towercom Ballyhoura,52.30607532,-8.563475323,438,CK043 Towercom Ballyhoura_1   ,29,5,Priority,
CK043,Towercom Ballyhoura,52.30607532,-8.563475323,438,CK043 Towercom Ballyhoura_2   ,26,140,Priority,
CK043,Towercom Ballyhoura,52.30607532,-8.563475323,438,CK043 Towercom Ballyhoura_3   ,29,220,Priority,
CK044,ESB Kilva,51.873074,-8.139059,104,CK044 ESB Kilva_1   ,30,10,Priority,
CK044,ESB Kilva,51.873074,-8.139059,104,CK044 ESB Kilva_2   ,30,120,Priority,
CK044,ESB Kilva,51.873074,-8.139059,104,CK044 ESB Kilva_3   ,30,240,Priority,
CK046,3IRL Skibbereen,51.56181,-9.32602,149,CK046 3IRL Skibbereen_1   ,23.7,35,Priority,
CK046,3IRL Skibbereen,51.56181,-9.32602,149,CK046 3IRL Skibbereen_2   ,23.7,35,Priority,
CK046,3IRL Skibbereen,51.56181,-9.32602,149,CK046 3IRL Skibbereen_3   ,23.7,135,Priority,
CK046,3IRL Skibbereen,51.56181,-9.32602,149,CK046 3IRL Skibbereen_4   ,23.7,135,Priority,
CK046,3IRL Skibbereen,51.56181,-9.32602,149,CK046 3IRL Skibbereen_5   ,23.7,280,Priority,
CK046,3IRL Skibbereen,51.56181,-9.32602,149,CK046 3IRL Skibbereen_6   ,23.7,280,Priority,
CK048,ESB Knockraha 220kV,51.95525918,-8.320372392,153,CK048 ESB Knockraha 220kV_1  ,36,100,Priority,
CK048,ESB Knockraha 220kV,51.95525918,-8.320372392,153,CK048 ESB Knockraha 220kV_2  ,36,210,Priority,
CE031,3IRL Knockeera,52.655537,-9.391221,84,CE031 3IRL Knockeera_3   ,16.5,110,#N/A,
CE031,3IRL Knockeera,52.655537,-9.391221,84,CE031 3IRL Knockeera_4   ,16.5,110,#N/A,
CE031,3IRL Knockeera,52.655537,-9.391221,84,CE031 3IRL Knockeera_5   ,16.5,220,#N/A,
CE031,3IRL Knockeera,52.655537,-9.391221,84,CE031 3IRL Knockeera_6   ,16.5,220,#N/A,
CE034,Meteor Sixmilebridge,52.757772,-8.757212,83,CE034 Meteor Sixmilebridge_1   ,20.1,22,#N/A,
CE034,Meteor Sixmilebridge,52.757772,-8.757212,83,CE034 Meteor Sixmilebridge_2   ,20.1,22,#N/A,
CK048,ESB Knockraha 220kV,51.95525918,-8.320372392,153,CK048 ESB Knockraha 220kV_3  ,36,340,Priority,
CK049,Towercom Whitechurch,51.985,-8.516,188,CK049 Towercom Whitechurch_1   ,30,20,Priority,
CK049,Towercom Whitechurch,51.985,-8.516,188,CK049 Towercom Whitechurch_2   ,30,120,Priority,
CK049,Towercom Whitechurch,51.985,-8.516,188,CK049 Towercom Whitechurch_3   ,30,240,Priority,
CK050,Cignal Castlemartyr,51.914464,-8.07055,18,CK050 Cignal Castlemartyr_1   ,22,107,Priority,
CK050,Cignal Castlemartyr,51.914464,-8.07055,18,CK050 Cignal Castlemartyr_2   ,22,240,Priority,
CK058,ESB Youghal,51.94933744,-7.851544007,64,CK058 ESB Youghal_1   ,18.5,205,Priority,
CK058,ESB Youghal,51.94933744,-7.851544007,64,CK058 ESB Youghal_2   ,18.5,345,Priority,
CK062,ESB Charleville,52.352778,-8.678734,99,CK062 ESB Charleville_1   ,25,0,Priority,
CK062,ESB Charleville,52.352778,-8.678734,99,CK062 ESB Charleville_2   ,25,0,Priority,
CK062,ESB Charleville,52.352778,-8.678734,99,CK062 ESB Charleville_3   ,25,120,Priority,
CK062,ESB Charleville,52.352778,-8.678734,99,CK062 ESB Charleville_4   ,25,120,Priority,
CK062,ESB Charleville,52.352778,-8.678734,99,CK062 ESB Charleville_5   ,25,240,Priority,
CK062,ESB Charleville,52.352778,-8.678734,99,CK062 ESB Charleville_6   ,25,240,Priority,
CK073,Skylinks Nowen Hill,51.722492,-9.244395,520,CK073 Skylinks Nowen Hill_1  ,25,255,Priority,
CK073,Skylinks Nowen Hill,51.722492,-9.244395,520,CK073 Skylinks Nowen Hill_2  ,25,100,Priority,
CK080,Vodafone Currane Hill,51.70093,-8.957173,224,CK080 Vodafone Currane Hill_1  ,24,35,Priority,
CK080,Vodafone Currane Hill,51.70093,-8.957173,224,CK080 Vodafone Currane Hill_2  ,24,235,Priority,
CK085,Vodafone Kinsale Fort Arthur,51.67381,-8.569858,127,CK085 Vodafone Kinsale Fort Arthur_1 ,23,25,Priority,
CK085,Vodafone Kinsale Fort Arthur,51.67381,-8.569858,127,CK085 Vodafone Kinsale Fort Arthur_2 ,23,25,Priority,
CK085,Vodafone Kinsale Fort Arthur,51.67381,-8.569858,127,CK085 Vodafone Kinsale Fort Arthur_3 ,23,180,Priority,
CK085,Vodafone Kinsale Fort Arthur,51.67381,-8.569858,127,CK085 Vodafone Kinsale Fort Arthur_4 ,23,180,Priority,
CK085,Vodafone Kinsale Fort Arthur,51.67381,-8.569858,127,CK085 Vodafone Kinsale Fort Arthur_5 ,23,285,Priority,
CK085,Vodafone Kinsale Fort Arthur,51.67381,-8.569858,127,CK085 Vodafone Kinsale Fort Arthur_6 ,23,285,Priority,
CK087,Vodafone Bandon Cashlemore,51.707628,-8.813131,200,CK087 Vodafone Bandon Cashlemore_1  ,31,35,Priority,
CK087,Vodafone Bandon Cashlemore,51.707628,-8.813131,200,CK087 Vodafone Bandon Cashlemore_2  ,31,235,Priority,
CK089,3IRL Knockroe,51.573414,-9.726347,68,CK089 3IRL Knockroe_1   ,12,60,Priority,
CK089,3IRL Knockroe,51.573414,-9.726347,68,CK089 3IRL Knockroe_2   ,12,60,Priority,
CK089,3IRL Knockroe,51.573414,-9.726347,68,CK089 3IRL Knockroe_3   ,12,180,Priority,
CK089,3IRL Knockroe,51.573414,-9.726347,68,CK089 3IRL Knockroe_4   ,12,180,Priority,
CK089,3IRL Knockroe,51.573414,-9.726347,68,CK089 3IRL Knockroe_5   ,12,270,Priority,
CK089,3IRL Knockroe,51.573414,-9.726347,68,CK089 3IRL Knockroe_6   ,12,270,Priority,
CK093,3IRL Ballydaniel,51.892863,-7.95035,48,CK093 3IRL Ballydaniel_1   ,15,350,Priority,
CK093,3IRL Ballydaniel,51.892863,-7.95035,48,CK093 3IRL Ballydaniel_2   ,15,200,Priority,
CK094,RTE Knockgour,51.64119,-9.999876,467,CK094 RTE Knockgour_1   ,32,85,Priority,
CK094,RTE Knockgour,51.64119,-9.999876,467,CK094 RTE Knockgour_2   ,32,240,Priority,
CK097,Cignal Cronohill,52.180955,-8.139921,309,CK097 Cignal Cronohill_1   ,27,10,Priority,
CK097,Cignal Cronohill,52.180955,-8.139921,309,CK097 Cignal Cronohill_2   ,27,190,Priority,
CK098,3IRL Sandyhill,52.008918,-8.009576,216,CK098 3IRL Sandyhill_1   ,20.4,30,Priority,
CK098,3IRL Sandyhill,52.008918,-8.009576,216,CK098 3IRL Sandyhill_2   ,20.4,30,Priority,
CK098,3IRL Sandyhill,52.008918,-8.009576,216,CK098 3IRL Sandyhill_3   ,20.4,150,Priority,
CK098,3IRL Sandyhill,52.008918,-8.009576,216,CK098 3IRL Sandyhill_4   ,20.4,150,Priority,
CK098,3IRL Sandyhill,52.008918,-8.009576,216,CK098 3IRL Sandyhill_5   ,20.4,260,Priority,
CK098,3IRL Sandyhill,52.008918,-8.009576,216,CK098 3IRL Sandyhill_6   ,20.4,260,Priority,
CK103,Cignal Ballyhooly,52.13085,-8.38285,136,CK103 Cignal Ballyhooly_1   ,21,108,Priority,
CK103,Cignal Ballyhooly,52.13085,-8.38285,136,CK103 Cignal Ballyhooly_2   ,21,335,Priority,
CK107,Hibernian Mount Gabriel,51.558642,-9.540708,380,CK107 Hibernian Mount Gabriel_1  ,10,320,Priority,
CK120,PVT Bantry Hill,51.6660023,-9.442570582,191,CK120 PVT Bantry Hill_1  ,48,155,Priority,
CK120,PVT Bantry Hill,51.6660023,-9.442570582,191,CK120 PVT Bantry Hill_2  ,48,311,Priority,
CK122,Cignal Laight,52.0814,-8.9943,210,CK122 Cignal Laight_1   ,27,0,Priority,
CE034,Meteor Sixmilebridge,52.757772,-8.757212,83,CE034 Meteor Sixmilebridge_3   ,20.1,200,#N/A,
CE034,Meteor Sixmilebridge,52.757772,-8.757212,83,CE034 Meteor Sixmilebridge_4   ,20.1,200,#N/A,
CE034,Meteor Sixmilebridge,52.757772,-8.757212,83,CE034 Meteor Sixmilebridge_5   ,20.1,293,#N/A,
CE034,Meteor Sixmilebridge,52.757772,-8.757212,83,CE034 Meteor Sixmilebridge_6   ,20.1,293,#N/A,
CK122,Cignal Laight,52.0814,-8.9943,210,CK122 Cignal Laight_2   ,27,0,Priority,
CK122,Cignal Laight,52.0814,-8.9943,210,CK122 Cignal Laight_3   ,27,120,Priority,
CK012,Towercom Mallow,52.137247,-8.641591,62,CK012 Towercom Mallow_1   ,27,0,#N/A,
CK012,Towercom Mallow,52.137247,-8.641591,62,CK012 Towercom Mallow_2   ,27,0,#N/A,
CK012,Towercom Mallow,52.137247,-8.641591,62,CK012 Towercom Mallow_3   ,29.5,120,#N/A,
CK012,Towercom Mallow,52.137247,-8.641591,62,CK012 Towercom Mallow_4   ,29.5,120,#N/A,
CK012,Towercom Mallow,52.137247,-8.641591,62,CK012 Towercom Mallow_5   ,29.5,240,#N/A,
CK012,Towercom Mallow,52.137247,-8.641591,62,CK012 Towercom Mallow_6   ,29.5,240,#N/A,
CK122,Cignal Laight,52.0814,-8.9943,210,CK122 Cignal Laight_4   ,27,120,Priority,
CK122,Cignal Laight,52.0814,-8.9943,210,CK122 Cignal Laight_5   ,27,240,Priority,
CK122,Cignal Laight,52.0814,-8.9943,210,CK122 Cignal Laight_6   ,27,240,Priority,
CK126,ESB Carrigaline,51.817297,-8.392872,16,CK126 ESB Carrigaline_1   ,34,80,Priority,
CK126,ESB Carrigaline,51.817297,-8.392872,16,CK126 ESB Carrigaline_2   ,20.5,250,Priority,
CK128,ESB Bandon Hill,51.7559,-8.73698,82,CK128 ESB Bandon Hill_1  ,21.1,355,Priority,
CK128,ESB Bandon Hill,51.7559,-8.73698,82,CK128 ESB Bandon Hill_2  ,21.1,170,Priority,
CK105,Cignal Dooneens,51.971649,-8.893116,339,CK105 Cignal Dooneens_1   ,30,75,#N/A,
CK105,Cignal Dooneens,51.971649,-8.893116,339,CK105 Cignal Dooneens_2   ,30,255,#N/A,
CK110,3IRL Crookstown,51.8067,-8.81199,198,CK110 3IRL Crookstown_1   ,24,0,#N/A,
CK110,3IRL Crookstown,51.8067,-8.81199,198,CK110 3IRL Crookstown_2   ,24,0,#N/A,
CK110,3IRL Crookstown,51.8067,-8.81199,198,CK110 3IRL Crookstown_3   ,24,120,#N/A,
CK110,3IRL Crookstown,51.8067,-8.81199,198,CK110 3IRL Crookstown_4   ,24,120,#N/A,
CK135,PVT Hibernian Clonakilty,51.61369444,-8.932527778,90,CK135 PVT Hibernian Clonakilty_1  ,21.1,60,Priority,
CK135,PVT Hibernian Clonakilty,51.61369444,-8.932527778,90,CK135 PVT Hibernian Clonakilty_2  ,21.1,60,Priority,
CK135,PVT Hibernian Clonakilty,51.61369444,-8.932527778,90,CK135 PVT Hibernian Clonakilty_3  ,21.1,190,Priority,
CK110,3IRL Crookstown,51.8067,-8.81199,198,CK110 3IRL Crookstown_5   ,24,240,#N/A,
CK110,3IRL Crookstown,51.8067,-8.81199,198,CK110 3IRL Crookstown_6   ,24,240,#N/A,
CK111,ESB Kanturk,52.18219,-8.891102,148,CK111 ESB Kanturk_1   ,20.5,0,#N/A,
CK111,ESB Kanturk,52.18219,-8.891102,148,CK111 ESB Kanturk_2   ,20.5,0,#N/A,
CK111,ESB Kanturk,52.18219,-8.891102,148,CK111 ESB Kanturk_3   ,20.5,120,#N/A,
CK111,ESB Kanturk,52.18219,-8.891102,148,CK111 ESB Kanturk_4   ,20.5,120,#N/A,
CK135,PVT Hibernian Clonakilty,51.61369444,-8.932527778,90,CK135 PVT Hibernian Clonakilty_4  ,21.1,190,Priority,
CK135,PVT Hibernian Clonakilty,51.61369444,-8.932527778,90,CK135 PVT Hibernian Clonakilty_5  ,21.1,300,Priority,
CK135,PVT Hibernian Clonakilty,51.61369444,-8.932527778,90,CK135 PVT Hibernian Clonakilty_6  ,21.1,300,Priority,
CK137,Cignal Meentinny,52.2789,-9.093,374,CK137 Cignal Meentinny_1   ,29,81,Priority,
CK137,Cignal Meentinny,52.2789,-9.093,374,CK137 Cignal Meentinny_2   ,29,287,Priority,
CK141,ESB Milford,52.338903,-8.86044,107,CK141 ESB Milford_1   ,26,0,Priority,
CK141,ESB Milford,52.338903,-8.86044,107,CK141 ESB Milford_2   ,26,0,Priority,
CK141,ESB Milford,52.338903,-8.86044,107,CK141 ESB Milford_3   ,26,120,Priority,
CK141,ESB Milford,52.338903,-8.86044,107,CK141 ESB Milford_4   ,26,120,Priority,
CK141,ESB Milford,52.338903,-8.86044,107,CK141 ESB Milford_5   ,26,240,Priority,
CK141,ESB Milford,52.338903,-8.86044,107,CK141 ESB Milford_6   ,26,240,Priority,
CK142,ESB Cobh 38KV,51.85481,-8.29568,66,CK142 ESB Cobh 38KV_1  ,24,100,Priority,
CK142,ESB Cobh 38KV,51.85481,-8.29568,66,CK142 ESB Cobh 38KV_2  ,24,230,Priority,
CK146,Meteor Boyhill,52.206988,-8.286906,208,CK146 Meteor Boyhill_1   ,18.5,160,Priority,
CK146,Meteor Boyhill,52.206988,-8.286906,208,CK146 Meteor Boyhill_2   ,18.5,160,Priority,
CK146,Meteor Boyhill,52.206988,-8.286906,208,CK146 Meteor Boyhill_3   ,18.5,335,Priority,
CK146,Meteor Boyhill,52.206988,-8.286906,208,CK146 Meteor Boyhill_4   ,18.5,335,Priority,
CN001,3IRL Murmod,53.851882,-7.083487,188,CN001 3IRL Murmod_1   ,26,30,Priority,
CK111,ESB Kanturk,52.18219,-8.891102,148,CK111 ESB Kanturk_5   ,20.5,240,#N/A,
CK111,ESB Kanturk,52.18219,-8.891102,148,CK111 ESB Kanturk_6   ,20.5,240,#N/A,
CW013,Vodafone Knockbower,52.7646685,-6.8713048,190,CW013 Vodafone Knockbower_1   ,26.1,60,#N/A,
CW013,Vodafone Knockbower,52.7646685,-6.8713048,190,CW013 Vodafone Knockbower_2   ,26.1,60,#N/A,
CW013,Vodafone Knockbower,52.7646685,-6.8713048,190,CW013 Vodafone Knockbower_3   ,26.1,180,#N/A,
CW013,Vodafone Knockbower,52.7646685,-6.8713048,190,CW013 Vodafone Knockbower_4   ,26.1,180,#N/A,
CW013,Vodafone Knockbower,52.7646685,-6.8713048,190,CW013 Vodafone Knockbower_5   ,26.1,300,#N/A,
CW013,Vodafone Knockbower,52.7646685,-6.8713048,190,CW013 Vodafone Knockbower_6   ,26.1,300,#N/A,
DL003,Towercom Letterkenny,54.951,-7.735483,28,DL003 Towercom Letterkenny_1_L   ,25,0,#N/A,
DL003,Towercom Letterkenny,54.951,-7.735483,28,DL003 Towercom Letterkenny_1_R   ,25,0,#N/A,
DL003,Towercom Letterkenny,54.951,-7.735483,28,DL003 Towercom Letterkenny_2_L   ,25,120,#N/A,
DL003,Towercom Letterkenny,54.951,-7.735483,28,DL003 Towercom Letterkenny_2_R   ,25,120,#N/A,
CN001,3IRL Murmod,53.851882,-7.083487,188,CN001 3IRL Murmod_2   ,26,200,Priority,
CN004,RTE Mohercrom,53.9103621,-6.901284327,308,CN004 RTE Mohercrom_1   ,29,80,Priority,
CN004,RTE Mohercrom,53.9103621,-6.901284327,308,CN004 RTE Mohercrom_2   ,29,210,Priority,
CN004,RTE Mohercrom,53.9103621,-6.901284327,308,CN004 RTE Mohercrom_3   ,29,320,Priority,
CN008,Cignal Slieve Glah,53.95323,-7.29532,294,CN008 Cignal Slieve Glah 1 ,29,0,Priority,
CN008,Cignal Slieve Glah,53.95323,-7.29532,294,CN008 Cignal Slieve Glah 2 ,29,120,Priority,
CN008,Cignal Slieve Glah,53.95323,-7.29532,294,CN008 Cignal Slieve Glah 3 ,29,240,Priority,
CN009,Cignal Mount Pallas,53.801272,-7.237284,72,CN009 Cignal Mount Pallas_1  ,21.5,135,Priority,
CN009,Cignal Mount Pallas,53.801272,-7.237284,72,CN009 Cignal Mount Pallas_2  ,21.5,335,Priority,
CN013,Cignal Slieve Rusheen,54.12894,-7.60536,195,CN013 Cignal Slieve Rusheen_1  ,30,110,Priority,
CN013,Cignal Slieve Rusheen,54.12894,-7.60536,195,CN013 Cignal Slieve Rusheen_2  ,30,255,Priority,
CN023,Cignal Drumerdanna,54.030106,-7.499148,65,CN023 Cignal Drumerdanna_1   ,26.5,50,Priority,
CN023,Cignal Drumerdanna,54.030106,-7.499148,65,CN023 Cignal Drumerdanna_2   ,26.5,220,Priority,
CN024,ESB Gallows Hill,53.987507,-7.35767,99,CN024 ESB Gallows Hill_1  ,16,165,Priority,
CN024,ESB Gallows Hill,53.987507,-7.35767,99,CN024 ESB Gallows Hill_2  ,16,345,Priority,
CW003,Cignal Delmec Carlow,52.842394,-6.935777,46,CW003 Cignal Delmec Carlow_1  ,24,100,Priority,
CW003,Cignal Delmec Carlow,52.842394,-6.935777,46,CW003 Cignal Delmec Carlow_2  ,24,270,Priority,
CW005,Vodafone Tullow Hill,52.803476,-6.717275,123,CW005 Vodafone Tullow Hill_1_L  ,27,95,Priority,
CW005,Vodafone Tullow Hill,52.803476,-6.717275,123,CW005 Vodafone Tullow Hill_1_R  ,27,95,Priority,
CW005,Vodafone Tullow Hill,52.803476,-6.717275,123,CW005 Vodafone Tullow Hill_2_L  ,27,216,Priority,
CW005,Vodafone Tullow Hill,52.803476,-6.717275,123,CW005 Vodafone Tullow Hill_2_R  ,27,216,Priority,
CW005,Vodafone Tullow Hill,52.803476,-6.717275,123,CW005 Vodafone Tullow Hill_3_L  ,27,335,Priority,
CW005,Vodafone Tullow Hill,52.803476,-6.717275,123,CW005 Vodafone Tullow Hill_3_R  ,27,335,Priority,
CW006,ESB Bagnelstown,52.698506,-6.934056,91,CW006 ESB Bagnelstown_1   ,23.5,350,Priority,
DL003,Towercom Letterkenny,54.951,-7.735483,28,DL003 Towercom Letterkenny_3_L   ,25,240,#N/A,nothing assigned
DL003,Towercom Letterkenny,54.951,-7.735483,28,DL003 Towercom Letterkenny_3_R   ,25,240,#N/A,
DL039,Cignal Conagrud,55.088733,-7.649317,215,DL039 Cignal Conagrud_1_L   ,14,40,#N/A,
DL039,Cignal Conagrud,55.088733,-7.649317,215,DL039 Cignal Conagrud_1_R   ,14,40,#N/A,
DL039,Cignal Conagrud,55.088733,-7.649317,215,DL039 Cignal Conagrud_2_L   ,14,150,#N/A,
DL039,Cignal Conagrud,55.088733,-7.649317,215,DL039 Cignal Conagrud_2_R   ,14,150,#N/A,
CW006,ESB Bagnelstown,52.698506,-6.934056,91,CW006 ESB Bagnelstown_2   ,23.5,90,Priority,
CW006,ESB Bagnelstown,52.698506,-6.934056,91,CW006 ESB Bagnelstown_3   ,23.5,270,Priority,
DL002,RTE Mongorry Hill,54.89124688,-7.634911925,231,DL002 RTE Mongorry Hill_1  ,60,0,Priority,
DL002,RTE Mongorry Hill,54.89124688,-7.634911925,231,DL002 RTE Mongorry Hill_2  ,60,180,Priority,
DL002,RTE Mongorry Hill,54.89124688,-7.634911925,231,DL002 RTE Mongorry Hill_3  ,60,270,Priority,
DL052,ESB Cathleen Falls 110kV,54.497879,-8.175601,29,DL052 ESB Cathleen Falls 110kV_1 ,20,120,Priority,
DL052,ESB Cathleen Falls 110kV,54.497879,-8.175601,29,DL052 ESB Cathleen Falls 110kV_2 ,20,295,Priority,
DL053,ESB Bundoran,54.472826,-8.266209,25,DL053 ESB Bundoran_1   ,20,60,Priority,
DL053,ESB Bundoran,54.472826,-8.266209,25,DL053 ESB Bundoran_2   ,20,60,Priority,
DL053,ESB Bundoran,54.472826,-8.266209,25,DL053 ESB Bundoran_3   ,20,250,Priority,
DL053,ESB Bundoran,54.472826,-8.266209,25,DL053 ESB Bundoran_4   ,20,250,Priority,
DN134,Virgin Media The Naull,53.575732,-6.262086,149,DN134 Virgin Media The Naull 1,48,350,Priority,
DN134,Virgin Media The Naull,53.575732,-6.262086,149,DN134 Virgin Media The Naull 2,48,105,Priority,
DN134,Virgin Media The Naull,53.575732,-6.262086,149,DN134 Virgin Media The Naull 3,45,250,Priority,
GY011,Towercom Tuam,53.51554569,-8.853813814,35,GY011 Towercom Tuam_1   ,45,30,Priority,
GY011,Towercom Tuam,53.51554569,-8.853813814,35,GY011 Towercom Tuam_2   ,42.5,140,Priority,
GY011,Towercom Tuam,53.51554569,-8.853813814,35,GY011 Towercom Tuam_3   ,43,260,Priority,
GY012,Towercom Cappataggle,53.27731,-8.411025,135,GY012 Towercom Cappataggle_1   ,36.7,70,Priority,
GY012,Towercom Cappataggle,53.27731,-8.411025,135,GY012 Towercom Cappataggle_2   ,36.7,220,Priority,
GY012,Towercom Cappataggle,53.27731,-8.411025,135,GY012 Towercom Cappataggle_3   ,32.66,330,Priority,
GY014,ESB Abbeyknockmoy,53.420244,-8.742277,158,GY014 ESB Abbeyknockmoy_1   ,34.5,20,Priority,
DL039,Cignal Conagrud,55.088733,-7.649317,215,DL039 Cignal Conagrud_3_L   ,14,240,#N/A,
DL039,Cignal Conagrud,55.088733,-7.649317,215,DL039 Cignal Conagrud_3_R   ,14,240,#N/A,
GY009,Towercom Athenry,53.29826,-8.74724,38,GY009 Towercom Athenry_1_L   ,10,0,#N/A,
GY009,Towercom Athenry,53.29826,-8.74724,38,GY009 Towercom Athenry_1_R   ,10,0,#N/A,
GY009,Towercom Athenry,53.29826,-8.74724,38,GY009 Towercom Athenry_2_L   ,10,120,#N/A,
GY009,Towercom Athenry,53.29826,-8.74724,38,GY009 Towercom Athenry_2_R   ,10,120,#N/A,
GY014,ESB Abbeyknockmoy,53.420244,-8.742277,158,GY014 ESB Abbeyknockmoy_2   ,34.5,120,Priority,
GY014,ESB Abbeyknockmoy,53.420244,-8.742277,158,GY014 ESB Abbeyknockmoy_3   ,34.5,295,Priority,
GY016,Virgin Tonabrocky,53.29146291,-9.111529648,100,GY016 Virgin Tonabrocky_1   ,37,120,Priority,
GY016,Virgin Tonabrocky,53.29146291,-9.111529648,100,GY016 Virgin Tonabrocky_2   ,37,220,Priority,
GY016,Virgin Tonabrocky,53.29146291,-9.111529648,100,GY016 Virgin Tonabrocky_3   ,37,335,Priority,
GY017,ESB Casla 220kV,53.30961,-8.85374,30,GY017 ESB Casla 220kV_1  ,28,120,Priority,
GY017,ESB Casla 220kV,53.30961,-8.85374,30,GY017 ESB Casla 220kV_2  ,28,240,Priority,
GY017,ESB Casla 220kV,53.30961,-8.85374,30,GY017 ESB Casla 220kV_3  ,28,340,Priority,
GY027,Towercom Inishmore,53.12153,-9.6679,10,GY027 Towercom Inishmore_1   ,25.65,135,Priority,
GY027,Towercom Inishmore,53.12153,-9.6679,10,GY027 Towercom Inishmore_2   ,25.65,345,Priority,
GY009,Towercom Athenry,53.29826,-8.74724,38,GY009 Towercom Athenry_3_L   ,10,240,#N/A,
GY009,Towercom Athenry,53.29826,-8.74724,38,GY009 Towercom Athenry_3_R   ,10,240,#N/A,
GY042,ESB Loughrea,53.2023,-8.55421,97,GY042 ESB Loughrea_1_L   ,18.5,0,#N/A,
GY042,ESB Loughrea,53.2023,-8.55421,97,GY042 ESB Loughrea_1_R   ,18.5,0,#N/A,
GY029,Vodafone Redmount Hill,53.223135,-8.145828,122,GY029 Vodafone Redmount Hill_1_L  ,27,0,Priority,
GY029,Vodafone Redmount Hill,53.223135,-8.145828,122,GY029 Vodafone Redmount Hill_1_R  ,27,0,Priority,
GY029,Vodafone Redmount Hill,53.223135,-8.145828,122,GY029 Vodafone Redmount Hill_2_L  ,27,120,Priority,
GY029,Vodafone Redmount Hill,53.223135,-8.145828,122,GY029 Vodafone Redmount Hill_2_R  ,27,120,Priority,
GY029,Vodafone Redmount Hill,53.223135,-8.145828,122,GY029 Vodafone Redmount Hill_3_L  ,27,240,Priority,
GY029,Vodafone Redmount Hill,53.223135,-8.145828,122,GY029 Vodafone Redmount Hill_3_R  ,27,240,Priority,
GY037,Cignal Kilcreest,53.15054609,-8.671710095,211,GY037 Cignal Kilcreest_1   ,39,60,Priority,
GY037,Cignal Kilcreest,53.15054609,-8.671710095,211,GY037 Cignal Kilcreest_2   ,36.5,240,Priority,
GY037,Cignal Kilcreest,53.15054609,-8.671710095,211,GY037 Cignal Kilcreest_3   ,36.5,320,Priority,
GY041,Meteor Mount Mary (Slievemurray),53.57113261,-8.383519102,150,GY041 Meteor Mount Mary (Slievemurray)_1 ,24,50,Priority,
GY041,Meteor Mount Mary (Slievemurray),53.57113261,-8.383519102,150,GY041 Meteor Mount Mary (Slievemurray)_1.5 ,24,80,Priority,
GY041,Meteor Mount Mary (Slievemurray),53.57113261,-8.383519102,150,GY041 Meteor Mount Mary (Slievemurray)_2 ,24,160,Priority,
GY042,ESB Loughrea,53.2023,-8.55421,97,GY042 ESB Loughrea_2_L   ,18.5,120,#N/A,
GY042,ESB Loughrea,53.2023,-8.55421,97,GY042 ESB Loughrea_2_R   ,18.5,120,#N/A,
GY042,ESB Loughrea,53.2023,-8.55421,97,GY042 ESB Loughrea_3_L   ,18.5,240,#N/A,
GY042,ESB Loughrea,53.2023,-8.55421,97,GY042 ESB Loughrea_3_R   ,18.5,240,#N/A,
GY041,Meteor Mount Mary (Slievemurray),53.57113261,-8.383519102,150,GY041 Meteor Mount Mary (Slievemurray)_2.5 ,24,160,Priority,
GY041,Meteor Mount Mary (Slievemurray),53.57113261,-8.383519102,150,GY041 Meteor Mount Mary (Slievemurray)_3 ,24,300,Priority,
GY044,Meteor Cappagh Clonkeen,53.64886,-8.766507,144,GY044 Meteor Cappagh Clonkeen 1 ,21,110,Priority,
GY044,Meteor Cappagh Clonkeen,53.64886,-8.766507,144,GY044 Meteor Cappagh Clonkeen 2 ,21,220,Priority,
GY044,Meteor Cappagh Clonkeen,53.64886,-8.766507,144,GY044 Meteor Cappagh Clonkeen 3 ,21,350,Priority,
GY046,Cignal Buffy Hill,53.378062,-9.298296,252,GY046 Cignal Buffy Hill_1_L  ,19.28,65,Priority,
GY046,Cignal Buffy Hill,53.378062,-9.298296,252,GY046 Cignal Buffy Hill_1_R  ,19.28,65,Priority,
GY046,Cignal Buffy Hill,53.378062,-9.298296,252,GY046 Cignal Buffy Hill_2_L  ,16.5,320,Priority,
KE030,3IRL Castledermot Barnhill,52.903308,-6.843446,93,KE030 3IRL Castledermot Barnhill_1  ,19.5,18,#N/A,nothing assigned
KE030,3IRL Castledermot Barnhill,52.903308,-6.843446,93,KE030 3IRL Castledermot Barnhill_2  ,19.5,240,#N/A,
KE038,Vodafone Rathsillagh,53.05907606,-6.872249091,112,KE038 Vodafone Rathsillagh_1_L   ,18.5,3,#N/A,
KE038,Vodafone Rathsillagh,53.05907606,-6.872249091,112,KE038 Vodafone Rathsillagh_1_R   ,18.5,3,#N/A,
KE038,Vodafone Rathsillagh,53.05907606,-6.872249091,112,KE038 Vodafone Rathsillagh_2_L   ,18.5,120,#N/A,
KE038,Vodafone Rathsillagh,53.05907606,-6.872249091,112,KE038 Vodafone Rathsillagh_2_R   ,18.5,120,#N/A,
KE038,Vodafone Rathsillagh,53.05907606,-6.872249091,112,KE038 Vodafone Rathsillagh_3_L   ,18.5,220,#N/A,
KE038,Vodafone Rathsillagh,53.05907606,-6.872249091,112,KE038 Vodafone Rathsillagh_3_R   ,18.5,220,#N/A,
KK034,ESB Glencoum,52.558147,-7.023589,363,KK034 ESB Glencoum_1   ,20,0,#N/A,
KK034,ESB Glencoum,52.558147,-7.023589,363,KK034 ESB Glencoum_2   ,20,0,#N/A,
KK034,ESB Glencoum,52.558147,-7.023589,363,KK034 ESB Glencoum_3   ,20,180,#N/A,
KK034,ESB Glencoum,52.558147,-7.023589,363,KK034 ESB Glencoum_4   ,20,180,#N/A,
GY046,Cignal Buffy Hill,53.378062,-9.298296,252,GY046 Cignal Buffy Hill_2_R  ,16.5,320,Priority,
GY049,3IRL Castlegar,53.400997,-8.289064,86,GY049 3IRL Castlegar_1   ,25,0,Priority,
GY049,3IRL Castlegar,53.400997,-8.289064,86,GY049 3IRL Castlegar_2   ,25,0,Priority,
GY049,3IRL Castlegar,53.400997,-8.289064,86,GY049 3IRL Castlegar_3   ,25,120,Priority,
GY049,3IRL Castlegar,53.400997,-8.289064,86,GY049 3IRL Castlegar_4   ,25,120,Priority,
GY049,3IRL Castlegar,53.400997,-8.289064,86,GY049 3IRL Castlegar_5   ,25,240,Priority,
GY049,3IRL Castlegar,53.400997,-8.289064,86,GY049 3IRL Castlegar_6   ,25,240,Priority,
GY050,PVT Ballynakill,53.09872788,-8.469024524,165,GY050 PVT Ballynakill_1_L   ,25,40,Priority,
GY050,PVT Ballynakill,53.09872788,-8.469024524,165,GY050 PVT Ballynakill_1_R   ,25,40,Priority,
GY050,PVT Ballynakill,53.09872788,-8.469024524,165,GY050 PVT Ballynakill_2_L   ,25,170,Priority,
GY050,PVT Ballynakill,53.09872788,-8.469024524,165,GY050 PVT Ballynakill_2_R   ,25,170,Priority,
GY050,PVT Ballynakill,53.09872788,-8.469024524,165,GY050 PVT Ballynakill_3_L   ,25,285,Priority,
GY050,PVT Ballynakill,53.09872788,-8.469024524,165,GY050 PVT Ballynakill_3_R   ,25,285,Priority,
GY062,Cignal Tomree,53.496175,-8.551552,86,GY062 Cignal Tomree_1   ,24.75,120,Priority,
GY062,Cignal Tomree,53.496175,-8.551552,86,GY062 Cignal Tomree_2   ,24.75,270,Priority,
GY069,3IRL Levally Clonbern,53.538534,-8.722499,93,GY069 3IRL Levally Clonbern_1  ,24.1,60,Priority,
GY069,3IRL Levally Clonbern,53.538534,-8.722499,93,GY069 3IRL Levally Clonbern_2  ,24.1,240,Priority,
GY084,Cignal Seanafeastin,53.2986,-9.4773,151,GY084 Cignal Seanafeastin_1   ,27,335,Priority,
GY084,Cignal Seanafeastin,53.2986,-9.4773,151,GY084 Cignal Seanafeastin_2   ,27,100,Priority,
GY084,Cignal Seanafeastin,53.2986,-9.4773,151,GY084 Cignal Seanafeastin_3   ,27,225,Priority,
KE006,PVT Minch Norton Silo,52.98976,-6.99168,59,KE006 PVT Minch Norton Silo_1 ,41,70,Priority,
KE006,PVT Minch Norton Silo,52.98976,-6.99168,59,KE006 PVT Minch Norton Silo_2 ,41,160,Priority,
KE006,PVT Minch Norton Silo,52.98976,-6.99168,59,KE006 PVT Minch Norton Silo_3 ,41,310,Priority,
KE008,ESB Kilteel,53.246111,-6.539177,144,KE008 ESB Kilteel_1   ,42,320,Priority,
KE008,ESB Kilteel,53.246111,-6.539177,144,KE008 ESB Kilteel_2   ,42,120,Priority,
KE008,ESB Kilteel,53.246111,-6.539177,144,KE008 ESB Kilteel_3   ,42,250,Priority,
KE010,ESB Sallins,53.25982,-6.667848,80,KE010 ESB Sallins_1_L   ,18,0,Priority,
KE010,ESB Sallins,53.25982,-6.667848,80,KE010 ESB Sallins_1_R   ,18,0,Priority,
KE010,ESB Sallins,53.25982,-6.667848,80,KE010 ESB Sallins_2_L   ,18,120,Priority,
KE010,ESB Sallins,53.25982,-6.667848,80,KE010 ESB Sallins_2_R   ,18,120,Priority,
KE010,ESB Sallins,53.25982,-6.667848,80,KE010 ESB Sallins_3_L   ,18,240,Priority,
KE010,ESB Sallins,53.25982,-6.667848,80,KE010 ESB Sallins_3_R   ,18,240,Priority,
KE013,Towercom Dunmurray Hill,53.198624,-6.933554,223,KE013 Towercom Dunmurray Hill_1  ,33.5,40,Priority,
KE013,Towercom Dunmurray Hill,53.198624,-6.933554,223,KE013 Towercom Dunmurray Hill_2  ,37,225,Priority,
KE013,Towercom Dunmurray Hill,53.198624,-6.933554,223,KE013 Towercom Dunmurray Hill_3  ,37,320,Priority,
KK034,ESB Glencoum,52.558147,-7.023589,363,KK034 ESB Glencoum_5   ,20,270,#N/A,
KK034,ESB Glencoum,52.558147,-7.023589,363,KK034 ESB Glencoum_6   ,20,270,#N/A,
LD014,Cignal Farnagh Hill,53.71316,-7.78944,103,LD014 Cignal Farnagh Hill_1_L  ,24,20,#N/A,
LD014,Cignal Farnagh Hill,53.71316,-7.78944,103,LD014 Cignal Farnagh Hill_1_R  ,24,20,#N/A,
LD014,Cignal Farnagh Hill,53.71316,-7.78944,103,LD014 Cignal Farnagh Hill_2_L  ,24,140,#N/A,
LD014,Cignal Farnagh Hill,53.71316,-7.78944,103,LD014 Cignal Farnagh Hill_2_R  ,24,140,#N/A,
KE014,ESB Moneycooley,53.364561,-6.579381,72,KE014 ESB Moneycooley_1   ,32.5,150,Priority,
KE014,ESB Moneycooley,53.364561,-6.579381,72,KE014 ESB Moneycooley_2   ,33,290,Priority,
KE014,ESB Moneycooley,53.364561,-6.579381,72,KE014 ESB Moneycooley_3   ,33,350,Priority,
KE022,Towercom Cappagh,53.40511697,-6.745834838,146,KE022 Towercom Cappagh 1  ,61.6,30,Priority,
KE022,Towercom Cappagh,53.40511697,-6.745834838,146,KE022 Towercom Cappagh 2  ,47,120,Priority,
KE022,Towercom Cappagh,53.40511697,-6.745834838,146,KE022 Towercom Cappagh 3  ,42,290,Priority,
KE035,Vodafone Old Kilcullen,53.104265,-6.77035,172,KE035 Vodafone Old Kilcullen 1 ,23.5,50,Priority,
KE035,Vodafone Old Kilcullen,53.104265,-6.77035,172,KE035 Vodafone Old Kilcullen 2 ,23.5,175,Priority,
KE035,Vodafone Old Kilcullen,53.104265,-6.77035,172,KE035 Vodafone Old Kilcullen 3 ,23.5,275,Priority,
KE041,ESB Carbury Hill,53.3558,-6.97079,119,KE041 ESB Carbury Hill_1  ,25,60,Priority,
KE041,ESB Carbury Hill,53.3558,-6.97079,119,KE041 ESB Carbury Hill_2  ,25,60,Priority,
KE041,ESB Carbury Hill,53.3558,-6.97079,119,KE041 ESB Carbury Hill_3  ,25,170,Priority,
KE041,ESB Carbury Hill,53.3558,-6.97079,119,KE041 ESB Carbury Hill_4  ,25,170,Priority,
KE041,ESB Carbury Hill,53.3558,-6.97079,119,KE041 ESB Carbury Hill_5  ,25,280,Priority,
KE041,ESB Carbury Hill,53.3558,-6.97079,119,KE041 ESB Carbury Hill_6  ,25,280,Priority,
KK001,PVT Mount Nugent,52.71707,-7.143506,308,KK001 PVT Mount Nugent 1 ,55,0,Priority,
KK001,PVT Mount Nugent,52.71707,-7.143506,308,KK001 PVT Mount Nugent 2 ,55,130,Priority,
KK001,PVT Mount Nugent,52.71707,-7.143506,308,KK001 PVT Mount Nugent 3 ,55,220,Priority,
KK021,Vodafone Pilltown,52.43893805,-7.322897189,283,KK021 Vodafone Pilltown_1_L   ,32,135,Priority,
LD014,Cignal Farnagh Hill,53.71316,-7.78944,103,LD014 Cignal Farnagh Hill_3_L  ,24,260,#N/A,
LD014,Cignal Farnagh Hill,53.71316,-7.78944,103,LD014 Cignal Farnagh Hill_3_R  ,24,260,#N/A,
LD016,Cignal Carrickmaguirk,53.88603,-7.635846,162,LD016 Cignal Carrickmaguirk_1_L   ,25,0,#N/A,
LD016,Cignal Carrickmaguirk,53.88603,-7.635846,162,LD016 Cignal Carrickmaguirk_1_R   ,25,0,#N/A,
LD016,Cignal Carrickmaguirk,53.88603,-7.635846,162,LD016 Cignal Carrickmaguirk_2_L   ,25,120,#N/A,
LD016,Cignal Carrickmaguirk,53.88603,-7.635846,162,LD016 Cignal Carrickmaguirk_2_R   ,25,120,#N/A,
KK021,Vodafone Pilltown,52.43893805,-7.322897189,283,KK021 Vodafone Pilltown_1_R   ,32,135,Priority,
KK021,Vodafone Pilltown,52.43893805,-7.322897189,283,KK021 Vodafone Pilltown_2_L   ,32,355,Priority,
KK021,Vodafone Pilltown,52.43893805,-7.322897189,283,KK021 Vodafone Pilltown_2_R   ,32,355,Priority,
LD016,Cignal Carrickmaguirk,53.88603,-7.635846,162,LD016 Cignal Carrickmaguirk_3_L   ,25,240,#N/A,
LD016,Cignal Carrickmaguirk,53.88603,-7.635846,162,LD016 Cignal Carrickmaguirk_3_R   ,25,240,#N/A,
KK024,Towercom Ballyspellan,52.760097,-7.508393,309,KK024 Towercom Ballyspellan_1   ,36.5,85,Priority,
KK024,Towercom Ballyspellan,52.760097,-7.508393,309,KK024 Towercom Ballyspellan_2   ,36.5,290,Priority,
KK025,RTE Suir Valley,52.37391284,-7.265894239,280,KK025 RTE Suir Valley_1  ,33,15,Priority,
KK025,RTE Suir Valley,52.37391284,-7.265894239,280,KK025 RTE Suir Valley_2  ,33,250,Priority,
KK026,Cignal Gauraunban,52.29109354,-7.02298241,120,KK026 Cignal Gauraunban_1   ,21,105,Priority,
KK026,Cignal Gauraunban,52.29109354,-7.02298241,120,KK026 Cignal Gauraunban_2   ,21,315,Priority,
KY004,RTE Mish Mountain Knockmoyle,52.21222308,-9.711585984,372,KY004 RTE Mish Mountain Knockmoyle_1 ,34,0,Priority,
KY004,RTE Mish Mountain Knockmoyle,52.21222308,-9.711585984,372,KY004 RTE Mish Mountain Knockmoyle_2 ,34,90,Priority,
KY004,RTE Mish Mountain Knockmoyle,52.21222308,-9.711585984,372,KY004 RTE Mish Mountain Knockmoyle_3 ,34,190,Priority,
KY008,Towercom Listowel,52.458381,-9.513639,19,KY008 Towercom Listowel_1   ,38,120,Priority,
KY008,Towercom Listowel,52.458381,-9.513639,19,KY008 Towercom Listowel_2   ,38,240,Priority,
KY008,Towercom Listowel,52.458381,-9.513639,19,KY008 Towercom Listowel_3   ,38,340,Priority,
KY018,Towercom Knockanore,52.52362747,-9.605204507,258,KY018 Towercom Knockanore_1   ,29,0,Priority,
KY018,Towercom Knockanore,52.52362747,-9.605204507,258,KY018 Towercom Knockanore_2   ,29,75,Priority,
KY018,Towercom Knockanore,52.52362747,-9.605204507,258,KY018 Towercom Knockanore_3   ,29,275,Priority,
KY024,Towercom Knocknaboul,52.193854,-9.277893,337,KY024 Towercom Knocknaboul_1   ,31.2,100,Priority,
KY024,Towercom Knocknaboul,52.193854,-9.277893,337,KY024 Towercom Knocknaboul_2   ,31.2,100,Priority,
KY024,Towercom Knocknaboul,52.193854,-9.277893,337,KY024 Towercom Knocknaboul_3   ,31.6,235,Priority,
KY024,Towercom Knocknaboul,52.193854,-9.277893,337,KY024 Towercom Knocknaboul_4   ,31.6,235,Priority,
KY053,3IRL Lisroe,52.412174,-9.414685,188,KY053 3IRL Lisroe_1   ,14,355,Priority,
KY053,3IRL Lisroe,52.412174,-9.414685,188,KY053 3IRL Lisroe_2   ,14,355,Priority,
KY053,3IRL Lisroe,52.412174,-9.414685,188,KY053 3IRL Lisroe_3   ,14,120,Priority,
KY053,3IRL Lisroe,52.412174,-9.414685,188,KY053 3IRL Lisroe_4   ,14,120,Priority,
KY054,ESB Tullig,52.075653,-9.465648,176,KY054 ESB Tullig_1   ,19.1,0,Priority,
KY054,ESB Tullig,52.075653,-9.465648,176,KY054 ESB Tullig_2   ,19.1,0,Priority,
KY054,ESB Tullig,52.075653,-9.465648,176,KY054 ESB Tullig_3   ,19.1,120,Priority,
KY054,ESB Tullig,52.075653,-9.465648,176,KY054 ESB Tullig_4   ,19.1,120,Priority,
KY054,ESB Tullig,52.075653,-9.465648,176,KY054 ESB Tullig_5   ,19.1,240,Priority,
KY054,ESB Tullig,52.075653,-9.465648,176,KY054 ESB Tullig_6   ,19.1,240,Priority,
LD001,RTE Cairn Hill,53.8072054,-7.715448198,271,LD001 RTE Cairn Hill 1 ,40,310,Priority,
LD001,RTE Cairn Hill,53.8072054,-7.715448198,271,LD001 RTE Cairn Hill 2 ,40,130,Priority,
LD001,RTE Cairn Hill,53.8072054,-7.715448198,271,LD001 RTE Cairn Hill 3 ,40,230,Priority,
LD002,ESB Ardagh,53.65902725,-7.727473676,195,LD002 ESB Ardagh 1  ,26,70,Priority,
LD002,ESB Ardagh,53.65902725,-7.727473676,195,LD002 ESB Ardagh 2  ,27.5,160,Priority,
LD002,ESB Ardagh,53.65902725,-7.727473676,195,LD002 ESB Ardagh 3  ,26,240,Priority,
LD008,Vodafone Ballymahon,53.543801,-7.697522,95,LD008 Vodafone Ballymahon_1_L   ,23.5,20,Priority,
LD008,Vodafone Ballymahon,53.543801,-7.697522,95,LD008 Vodafone Ballymahon_1_R   ,23.5,20,Priority,
LD008,Vodafone Ballymahon,53.543801,-7.697522,95,LD008 Vodafone Ballymahon_2_L   ,23.5,120,Priority,
LD008,Vodafone Ballymahon,53.543801,-7.697522,95,LD008 Vodafone Ballymahon_2_R   ,23.5,120,Priority,
LD008,Vodafone Ballymahon,53.543801,-7.697522,95,LD008 Vodafone Ballymahon_3_L   ,23.5,245,Priority,
LD008,Vodafone Ballymahon,53.543801,-7.697522,95,LD008 Vodafone Ballymahon_3_R   ,23.5,245,Priority,
LH002,ESB Donore Drogheda,53.70217,-6.37471,49,LH002 ESB Donore Drogheda_1  ,25,125,Priority,
LH002,ESB Donore Drogheda,53.70217,-6.37471,49,LH002 ESB Donore Drogheda_2  ,25,310,Priority,
LH003,ESB Mullagharlin,53.976287,-6.408738,19,LH003 ESB Mullagharlin 1  ,32.5,15,Priority,
LH003,ESB Mullagharlin,53.976287,-6.408738,19,LH003 ESB Mullagharlin 2  ,32.5,180,Priority,
LH003,ESB Mullagharlin,53.976287,-6.408738,19,LH003 ESB Mullagharlin 3  ,32.5,260,Priority,
LH004,Cignal Mount Oriel,53.790962,-6.510159,238,LH004 Cignal Mount Oriel 1 ,37,20,Priority,
LK011,Vodafone Askeaton,52.563143,-8.979507,33,LK011 Vodafone Askeaton_1   ,22.5,6,#N/A,
LK011,Vodafone Askeaton,52.563143,-8.979507,33,LK011 Vodafone Askeaton_2   ,22.5,6,#N/A,
LK011,Vodafone Askeaton,52.563143,-8.979507,33,LK011 Vodafone Askeaton_3   ,22.5,142,#N/A,
LK011,Vodafone Askeaton,52.563143,-8.979507,33,LK011 Vodafone Askeaton_4   ,22.5,142,#N/A,
LK020,Vodafone Boher,52.600878,-8.44239,100,LK020 Vodafone Boher_1   ,25.6,40,#N/A,
LK020,Vodafone Boher,52.600878,-8.44239,100,LK020 Vodafone Boher_2   ,25.6,40,#N/A,
LH004,Cignal Mount Oriel,53.790962,-6.510159,238,LH004 Cignal Mount Oriel 2 ,37,140,Priority,
LH004,Cignal Mount Oriel,53.790962,-6.510159,238,LH004 Cignal Mount Oriel 3 ,36,260,Priority,
LK012,RTE Abbeyfeale,52.37205149,-9.296096072,191,LK012 RTE Abbeyfeale_1   ,11.5,20,Priority,
LK012,RTE Abbeyfeale,52.37205149,-9.296096072,191,LK012 RTE Abbeyfeale_2   ,11.5,225,Priority,
LK013,Towercom Slievereagh,52.37825291,-8.403732787,447,LK013 Towercom Slievereagh_1   ,27.75,60,Priority,
LK013,Towercom Slievereagh,52.37825291,-8.403732787,447,LK013 Towercom Slievereagh_2   ,27,150,Priority,
LK013,Towercom Slievereagh,52.37825291,-8.403732787,447,LK013 Towercom Slievereagh_3   ,27.75,350,Priority,
LK014,ESB Ballingarry MW,52.4728,-8.82622,254,LK014 ESB Ballingarry MW_1  ,26,50,Priority,
LK014,ESB Ballingarry MW,52.4728,-8.82622,254,LK014 ESB Ballingarry MW_2  ,26,170,Priority,
LK014,ESB Ballingarry MW,52.4728,-8.82622,254,LK014 ESB Ballingarry MW_3  ,26,320,Priority,
LK016,Meteor Ballymurragh East,52.412759,-9.13212,283,LK016 Meteor Ballymurragh East_1  ,21.5,100,Priority,
LK016,Meteor Ballymurragh East,52.412759,-9.13212,283,LK016 Meteor Ballymurragh East_2  ,21.5,260,Priority,
LK017,Foynes,52.60293,-9.110741,119,LK017 Foynes_1    ,13,45,Priority,
LK017,Foynes,52.60293,-9.110741,119,LK017 Foynes_2    ,13,240,Priority,
LK021,3IRL Glenagragara,52.517445,-9.272438,232,LK021 3IRL Glenagragara_1   ,10.5,10,Priority,
LK021,3IRL Glenagragara,52.517445,-9.272438,232,LK021 3IRL Glenagragara_2   ,10.5,210,Priority,
LK026,Kilcoman,52.524709,-9.080827,164,LK026 Kilcoman_1    ,19.1,0,Priority,
LK026,Kilcoman,52.524709,-9.080827,164,LK026 Kilcoman_2    ,19.1,0,Priority,
LK026,Kilcoman,52.524709,-9.080827,164,LK026 Kilcoman_3    ,19.1,120,Priority,
LK026,Kilcoman,52.524709,-9.080827,164,LK026 Kilcoman_4    ,19.1,120,Priority,
LK026,Kilcoman,52.524709,-9.080827,164,LK026 Kilcoman_5    ,19.1,240,Priority,
LK026,Kilcoman,52.524709,-9.080827,164,LK026 Kilcoman_6    ,19.1,240,Priority,
LK026,Kilcoman,52.524709,-9.080827,164,LK026 Kilcoman_7    ,18.9,315,Priority,
LK026,Kilcoman,52.524709,-9.080827,164,LK026 Kilcoman_8    ,22,155,Priority,
LS003,ESB Ballyouskill,52.8352,-7.29595,306,LS003 ESB Ballyouskill_1   ,28.5,100,Priority,
LS003,ESB Ballyouskill,52.8352,-7.29595,306,LS003 ESB Ballyouskill_2   ,28.5,220,Priority,
LS003,ESB Ballyouskill,52.8352,-7.29595,306,LS003 ESB Ballyouskill_3   ,28.5,315,Priority,
LS010,Towercom Cappard,53.11052944,-7.453881535,340,LS010 Towercom Cappard_1   ,34.6,50,Priority,
LS010,Towercom Cappard,53.11052944,-7.453881535,340,LS010 Towercom Cappard_2   ,32.25,140,Priority,
LS010,Towercom Cappard,53.11052944,-7.453881535,340,LS010 Towercom Cappard_3   ,36.5,335,Priority,
LS015,Cignal Ardlea,52.9566,-7.269486479,285,LS015 Cignal Ardlea_1   ,35.5,30,Priority,
LK020,Vodafone Boher,52.600878,-8.44239,100,LK020 Vodafone Boher_5   ,25.6,220,#N/A,
LK020,Vodafone Boher,52.600878,-8.44239,100,LK020 Vodafone Boher_6   ,25.6,220,#N/A,
LK027,3IRL Castleconnell,52.716121,-8.517668,50,LK027 3IRL Castleconnell_1   ,19.1,330,#N/A,
LK027,3IRL Castleconnell,52.716121,-8.517668,50,LK027 3IRL Castleconnell_2   ,19.1,330,#N/A,
LK027,3IRL Castleconnell,52.716121,-8.517668,50,LK027 3IRL Castleconnell_3   ,19.1,90,#N/A,
LK027,3IRL Castleconnell,52.716121,-8.517668,50,LK027 3IRL Castleconnell_4   ,19.1,90,#N/A,
LS015,Cignal Ardlea,52.9566,-7.269486479,285,LS015 Cignal Ardlea_2   ,35.5,275,Priority,
LS020,ESB Rathdowney,52.85699873,-7.602375791,98,LS020 ESB Rathdowney_1   ,21.1,80,Priority,
LS020,ESB Rathdowney,52.85699873,-7.602375791,98,LS020 ESB Rathdowney_2   ,21.1,305,Priority,
LS022,3irl Nealstown,52.987042,-7.69499,302,LS022 3irl Nealstown_1   ,27,100,Priority,
LS022,3irl Nealstown,52.987042,-7.69499,302,LS022 3irl Nealstown_2   ,25,270,Priority,
MH001,ESB Navan Abbeylands,53.6631,-6.69539,49,MH001 ESB Navan Abbeylands_1_L  ,18.5,335,Priority,
MH001,ESB Navan Abbeylands,53.6631,-6.69539,49,MH001 ESB Navan Abbeylands_1_R  ,18.5,335,Priority,
MH001,ESB Navan Abbeylands,53.6631,-6.69539,49,MH001 ESB Navan Abbeylands_2_L  ,18.5,95,Priority,
MH001,ESB Navan Abbeylands,53.6631,-6.69539,49,MH001 ESB Navan Abbeylands_2_R  ,18.5,95,Priority,
LM005,Cignal Dawn of Hope,54.20305576,-8.086967,266,LM005 Cignal Dawn of Hope_1 ,29.9,135,#N/A,
LM005,Cignal Dawn of Hope,54.20305576,-8.086967,266,LM005 Cignal Dawn of Hope_2 ,29.9,270,#N/A,
MH013,Towercom Fourknocks,53.598268,-6.317497,152,MH013 Towercom Fourknocks_1_L   ,20,60,#N/A,
MH013,Towercom Fourknocks,53.598268,-6.317497,152,MH013 Towercom Fourknocks_1_R   ,20,60,#N/A,
MH013,Towercom Fourknocks,53.598268,-6.317497,152,MH013 Towercom Fourknocks_2_L   ,20,180,#N/A,
MH013,Towercom Fourknocks,53.598268,-6.317497,152,MH013 Towercom Fourknocks_2_R   ,20,180,#N/A,
MH013,Towercom Fourknocks,53.598268,-6.317497,152,MH013 Towercom Fourknocks_3_L   ,20,300,#N/A,
MH013,Towercom Fourknocks,53.598268,-6.317497,152,MH013 Towercom Fourknocks_3_R   ,20,300,#N/A,
MO013,Vodafone Knock Airport,53.914632,-8.80567,207,MO013 Vodafone Knock Airport_1_L  ,7,10,#N/A,
MO013,Vodafone Knock Airport,53.914632,-8.80567,207,MO013 Vodafone Knock Airport_1_R  ,7,10,#N/A,
MO013,Vodafone Knock Airport,53.914632,-8.80567,207,MO013 Vodafone Knock Airport_2_L  ,7,180,#N/A,
MO013,Vodafone Knock Airport,53.914632,-8.80567,207,MO013 Vodafone Knock Airport_2_R  ,7,180,#N/A,
MH001,ESB Navan Abbeylands,53.6631,-6.69539,49,MH001 ESB Navan Abbeylands_3_L  ,18.5,225,Priority,
MH001,ESB Navan Abbeylands,53.6631,-6.69539,49,MH001 ESB Navan Abbeylands_3_R  ,18.5,225,Priority,
MH010,Cignal Rathmore,53.64151558,-6.829719843,70,MH010 Rathmore Cingal_1   ,29,0,Priority,
MO034,RTE Croagmoyle,53.925627,-9.373438,421,MO034 RTE Croagmoyle_1   ,35,30,#N/A,
MO034,RTE Croagmoyle,53.925627,-9.373438,421,MO034 RTE Croagmoyle_2   ,35,220,#N/A,
MO048,ESB Dalton,53.72056024,-8.980661281,69,MO048 ESB Dalton_1_L   ,22,25,#N/A,
MO048,ESB Dalton,53.72056024,-8.980661281,69,MO048 ESB Dalton_1_R   ,22,25,#N/A,
MO048,ESB Dalton,53.72056024,-8.980661281,69,MO048 ESB Dalton_2_L   ,22,145,#N/A,
MO048,ESB Dalton,53.72056024,-8.980661281,69,MO048 ESB Dalton_2_R   ,22,145,#N/A,
MH010,Cignal Rathmore,53.64151558,-6.829719843,70,MH010 Rathmore Cingal_2   ,29,90,Priority,
MH010,Cignal Rathmore,53.64151558,-6.829719843,70,MH010 Rathmore Cingal_3   ,29,280,Priority,
MH021,RTE Skreen,53.591687,-6.552337,120,MH021 RTE Skreen_1_L   ,27,0,Priority,
MH021,RTE Skreen,53.591687,-6.552337,120,MH021 RTE Skreen_1_R   ,27,0,Priority,
MH021,RTE Skreen,53.591687,-6.552337,120,MH021 RTE Skreen_2_L   ,26,120,Priority,
MH021,RTE Skreen,53.591687,-6.552337,120,MH021 RTE Skreen_2_R   ,26,120,Priority,
MH021,RTE Skreen,53.591687,-6.552337,120,MH021 RTE Skreen_3_L   ,26,240,Priority,
MH021,RTE Skreen,53.591687,-6.552337,120,MH021 RTE Skreen_3_R   ,26,240,Priority,
MN004,Cignal Carnroe,54.13018,-7.21723,182,MN004 Cignal Carnroe_1   ,18,10,Priority,
MN004,Cignal Carnroe,54.13018,-7.21723,182,MN004 Cignal Carnroe_2   ,18,10,Priority,
MN004,Cignal Carnroe,54.13018,-7.21723,182,MN004 Cignal Carnroe_3   ,18,130,Priority,
MN004,Cignal Carnroe,54.13018,-7.21723,182,MN004 Cignal Carnroe_4   ,18,130,Priority,
MN004,Cignal Carnroe,54.13018,-7.21723,182,MN004 Cignal Carnroe_5   ,18,240,Priority,
MN004,Cignal Carnroe,54.13018,-7.21723,182,MN004 Cignal Carnroe_6   ,18,240,Priority,
MO001,Towercom Kilbride,53.93756,-8.919304,122,MO001 Towercom Kilbride_1   ,32,0,Priority,
MO001,Towercom Kilbride,53.93756,-8.919304,122,MO001 Towercom Kilbride_2   ,32,90,Priority,
MO001,Towercom Kilbride,53.93756,-8.919304,122,MO001 Towercom Kilbride_3   ,32,220,Priority,
MO003,Towercom Ballina,54.109386,-9.165398,18,MO003 Towercom Ballina 1  ,80,0,Priority,
MO003,Towercom Ballina,54.109386,-9.165398,18,MO003 Towercom Ballina 2  ,80,120,Priority,
MO003,Towercom Ballina,54.109386,-9.165398,18,MO003 Towercom Ballina 3  ,80,240,Priority,
MO004,Towercom Castlebar,53.853255,-9.29629,41,MO004 Towercom Castlebar 1  ,54,0,Priority,
MO004,Towercom Castlebar,53.853255,-9.29629,41,MO004 Towercom Castlebar 2  ,54,120,Priority,
MO004,Towercom Castlebar,53.853255,-9.29629,41,MO004 Towercom Castlebar 3  ,57,240,Priority,
MO007,Towercom Ballinrobe,53.624328,-9.226107,34,MO007 Towercom Ballinrobe_1   ,76,120,Priority,
MO007,Towercom Ballinrobe,53.624328,-9.226107,34,MO007 Towercom Ballinrobe_2   ,76,220,Priority,
MO007,Towercom Ballinrobe,53.624328,-9.226107,34,MO007 Towercom Ballinrobe_3   ,76,340,Priority,
OY006,ESB Birr,53.089965,-7.890391,69,OY006 ESB Birr_1   ,24.4,140,Priority,
OY006,ESB Birr,53.089965,-7.890391,69,OY006 ESB Birr_2   ,24.4,325,Priority,
OY007,3IRL Mucklagh,53.253187,-7.588653,79,OY007 3IRL Mucklagh_1_L   ,29.1,25,Priority,
OY007,3IRL Mucklagh,53.253187,-7.588653,79,OY007 3IRL Mucklagh_1_R   ,29.1,25,Priority,
OY007,3IRL Mucklagh,53.253187,-7.588653,79,OY007 3IRL Mucklagh_2_L   ,29.1,130,Priority,
OY007,3IRL Mucklagh,53.253187,-7.588653,79,OY007 3IRL Mucklagh_2_R   ,29.1,130,Priority,
OY007,3IRL Mucklagh,53.253187,-7.588653,79,OY007 3IRL Mucklagh_3_L   ,29.1,240,Priority,
OY007,3IRL Mucklagh,53.253187,-7.588653,79,OY007 3IRL Mucklagh_3_R   ,29.1,240,Priority,
OY008,Vodafone Corr Hill,53.314689,-7.812695,105,OY008 Vodafone Corr Hill_1  ,27.1,0,Priority,
OY008,Vodafone Corr Hill,53.314689,-7.812695,105,OY008 Vodafone Corr Hill_2  ,27.1,175,Priority,
OY010,3IRL Cloughjordan,52.961312,-8.041366,144,OY010 3IRL Cloughjordan_1_L   ,15,10,Priority,
OY010,3IRL Cloughjordan,52.961312,-8.041366,144,OY010 3IRL Cloughjordan_1_R   ,15,10,Priority,
OY010,3IRL Cloughjordan,52.961312,-8.041366,144,OY010 3IRL Cloughjordan_2_L   ,15,130,Priority,
OY010,3IRL Cloughjordan,52.961312,-8.041366,144,OY010 3IRL Cloughjordan_2_R   ,15,130,Priority,
OY010,3IRL Cloughjordan,52.961312,-8.041366,144,OY010 3IRL Cloughjordan_3_L   ,15,250,Priority,
OY010,3IRL Cloughjordan,52.961312,-8.041366,144,OY010 3IRL Cloughjordan_3_R   ,15,250,Priority,
OY016,RTE Tullamore,53.278362,-7.371769,74,OY016 RTE Tullamore_1   ,39,80,Priority,
OY016,RTE Tullamore,53.278362,-7.371769,74,OY016 RTE Tullamore_2   ,41,275,Priority,
RN001,3IRL Slieve Flynn,53.7398,-8.58232,147,RN001 3IRL Slieve Flynn_1  ,24,130,Priority,
RN001,3IRL Slieve Flynn,53.7398,-8.58232,147,RN001 3IRL Slieve Flynn_2  ,24,235,Priority,
RN001,3IRL Slieve Flynn,53.7398,-8.58232,147,RN001 3IRL Slieve Flynn_3  ,24,355,Priority,
RN008,ISM Slieve Bawn,53.72851614,-8.067516442,248,RN008 ISM Slieve Bawn 1 ,45,10,Priority,
RN008,ISM Slieve Bawn,53.72851614,-8.067516442,248,RN008 ISM Slieve Bawn 2 ,45,190,Priority,
RN008,ISM Slieve Bawn,53.72851614,-8.067516442,248,RN008 ISM Slieve Bawn 3 ,45,280,Priority,
RN012,Vodafone Ballaghadreen,53.931883,-8.600776,196,RN012 Vodafone Ballaghadreen_1   ,18,117,Priority,
RN012,Vodafone Ballaghadreen,53.931883,-8.600776,196,RN012 Vodafone Ballaghadreen_2   ,18,260,Priority,
RN017,RTE Coolderry,53.32051,-8.12555,92,RN017 RTE Coolderry_1   ,29.5,85,Priority,
RN017,RTE Coolderry,53.32051,-8.12555,92,RN017 RTE Coolderry_2   ,29.5,290,Priority,
RN019,Cignal Mount Kelly,53.57492974,-8.165845259,160,RN019 Cignal Mount Kelly_1  ,24,25,Priority,
RN019,Cignal Mount Kelly,53.57492974,-8.165845259,160,RN019 Cignal Mount Kelly_2  ,24,195,Priority,
SO001,Towercom Rathedmond,54.273187,-8.485378,7,SO001 Towercom Rathedmond_1   ,57,90,Priority,
SO001,Towercom Rathedmond,54.273187,-8.485378,7,SO001 Towercom Rathedmond_2   ,57,190,Priority,
SO001,Towercom Rathedmond,54.273187,-8.485378,7,SO001 Towercom Rathedmond_3   ,57,350,Priority,
MO048,ESB Dalton,53.72056024,-8.980661281,69,MO048 ESB Dalton_3_L   ,22,265,#N/A,
MO048,ESB Dalton,53.72056024,-8.980661281,69,MO048 ESB Dalton_3_R   ,22,265,#N/A,
OYxxx,Cignal Replacement Site Banagher,53.195304,-7.964504,84,OYxxx Cignal Replacement Site Banagher_1_L ,15,30,#N/A,
OYxxx,Cignal Replacement Site Banagher,53.195304,-7.964504,84,OYxxx Cignal Replacement Site Banagher_1_R ,15,30,#N/A,
OYxxx,Cignal Replacement Site Banagher,53.195304,-7.964504,84,OYxxx Cignal Replacement Site Banagher_2_L ,15,150,#N/A,
OYxxx,Cignal Replacement Site Banagher,53.195304,-7.964504,84,OYxxx Cignal Replacement Site Banagher_2_R ,15,150,#N/A,
OYxxx,Cignal Replacement Site Banagher,53.195304,-7.964504,84,OYxxx Cignal Replacement Site Banagher_3_L ,15,270,#N/A,
OYxxx,Cignal Replacement Site Banagher,53.195304,-7.964504,84,OYxxx Cignal Replacement Site Banagher_3_R ,15,270,#N/A,
RN004,ESB Carrick on Shannon,53.9377,-8.10782,49,RN004 ESB Carrick on Shannon_1_L ,26.5,15,#N/A,
RN004,ESB Carrick on Shannon,53.9377,-8.10782,49,RN004 ESB Carrick on Shannon_1_R ,26.5,15,#N/A,
RN004,ESB Carrick on Shannon,53.9377,-8.10782,49,RN004 ESB Carrick on Shannon_2_L ,26.5,135,#N/A,
RN004,ESB Carrick on Shannon,53.9377,-8.10782,49,RN004 ESB Carrick on Shannon_2_R ,26.5,135,#N/A,
SO007,Towercom Bralee,54.18701961,-8.640500829,239,SO007 Towercom Bralee_1   ,60,180,Priority,
RN004,ESB Carrick on Shannon,53.9377,-8.10782,49,RN004 ESB Carrick on Shannon_3_L ,26.5,255,#N/A,
RN004,ESB Carrick on Shannon,53.9377,-8.10782,49,RN004 ESB Carrick on Shannon_3_R ,26.5,255,#N/A,
SO007,Towercom Bralee,54.18701961,-8.640500829,239,SO007 Towercom Bralee_2   ,63,350,Priority,
SO011,ESB Tubbercurry,54.047309,-8.727228,98,SO011 ESB Tubbercurry_1   ,20,0,Priority,
SO011,ESB Tubbercurry,54.047309,-8.727228,98,SO011 ESB Tubbercurry_2   ,20,0,Priority,
SO011,ESB Tubbercurry,54.047309,-8.727228,98,SO011 ESB Tubbercurry_3   ,20,120,Priority,
SO011,ESB Tubbercurry,54.047309,-8.727228,98,SO011 ESB Tubbercurry_4   ,20,120,Priority,
SO011,ESB Tubbercurry,54.047309,-8.727228,98,SO011 ESB Tubbercurry_5   ,20,240,Priority,
SO011,ESB Tubbercurry,54.047309,-8.727228,98,SO011 ESB Tubbercurry_6   ,20,240,Priority,
SO012,Cignal Dunowla,54.205276,-8.821057,234,SO012 Cignal Dunowla_1   ,23,40,Priority,
SO012,Cignal Dunowla,54.205276,-8.821057,234,SO012 Cignal Dunowla_2   ,23,300,Priority,
SO013,RTE Truskmore Hill,54.37369,-8.371,643,SO013 RTE Truskmore Hill_1  ,29.1,85,Priority,
SO013,RTE Truskmore Hill,54.37369,-8.371,643,SO013 RTE Truskmore Hill_2  ,29.1,330,Priority,
SO017,Towercom Cashelgarren,54.368751,-8.51983,89,SO017 Towercom Cashelgarren_1   ,27,235,Priority,
SO017,Towercom Cashelgarren,54.368751,-8.51983,89,SO017 Towercom Cashelgarren_2   ,29.5,355,Priority,
TY001,ESB Tountinna,52.84723119,-8.392099622,451,TY001 ESB Tountinna_1   ,16.5,90,Priority,
TY001,ESB Tountinna,52.84723119,-8.392099622,451,TY001 ESB Tountinna_2   ,17.5,205,Priority,
TY001,ESB Tountinna,52.84723119,-8.392099622,451,TY001 ESB Tountinna_3   ,19.8,350,Priority,
TY005,Towercom Laghtseefin,52.62164226,-8.091802732,410,TY005 Towercom Laghtseefin_1   ,33.5,0,Priority,
TY005,Towercom Laghtseefin,52.62164226,-8.091802732,410,TY005 Towercom Laghtseefin_2   ,35,120,Priority,
TY005,Towercom Laghtseefin,52.62164226,-8.091802732,410,TY005 Towercom Laghtseefin_3   ,33.5,220,Priority,
TY017,RTE Kilduff,52.83521958,-7.909970097,445,TY017 RTE Kilduff 1  ,31,30,Priority,
TY017,RTE Kilduff,52.83521958,-7.909970097,445,TY017 RTE Kilduff 2  ,31,140,Priority,
TY017,RTE Kilduff,52.83521958,-7.909970097,445,TY017 RTE Kilduff 3  ,31,280,Priority,
TY020,Vodafone Kevanstown,53.004079,-8.241955,135,TY020 Vodafone Kevanstown_1   ,12,50,Priority,
TY020,Vodafone Kevanstown,53.004079,-8.241955,135,TY020 Vodafone Kevanstown_2   ,12,50,Priority,
TY020,Vodafone Kevanstown,53.004079,-8.241955,135,TY020 Vodafone Kevanstown_3   ,12,169,Priority,
TY020,Vodafone Kevanstown,53.004079,-8.241955,135,TY020 Vodafone Kevanstown_4   ,12,169,Priority,
TY020,Vodafone Kevanstown,53.004079,-8.241955,135,TY020 Vodafone Kevanstown_5   ,12,280,Priority,
TY020,Vodafone Kevanstown,53.004079,-8.241955,135,TY020 Vodafone Kevanstown_6   ,12,280,Priority,
TY022,Cignal Kilcoran,52.34932,-8.04057,221,TY022 Cignal Kilcoran_1   ,30.75,102.9,Priority,
TY022,Cignal Kilcoran,52.34932,-8.04057,221,TY022 Cignal Kilcoran_2   ,30.75,220,Priority,
TY023,Towercom Glengoole,52.609426,-7.623797,283,TY023 Towercom Glengoole_1   ,48,40,Priority,
TY023,Towercom Glengoole,52.609426,-7.623797,283,TY023 Towercom Glengoole_2   ,48,160,Priority,
TY023,Towercom Glengoole,52.609426,-7.623797,283,TY023 Towercom Glengoole_3   ,48,275,Priority,
TY028,Vodafone Kill Hill,52.53575,-7.78633,219,TY028 Vodafone Kill Hill_1  ,26,100,Priority,
TY028,Vodafone Kill Hill,52.53575,-7.78633,219,TY028 Vodafone Kill Hill_2  ,26,245,Priority,
TY029,3IRL Tinnakilly,52.4845,-7.65699,153,TY029 3IRL Tinnakilly_1   ,23,90,Priority,
TY029,3IRL Tinnakilly,52.4845,-7.65699,153,TY029 3IRL Tinnakilly_2   ,23,265,Priority,
TY032,Towercom Carrigadoon Hill,52.410589,-7.411299,272,TY032 Towercom Carrigadoon Hill_1  ,27,5,Priority,
TY032,Towercom Carrigadoon Hill,52.410589,-7.411299,272,TY032 Towercom Carrigadoon Hill_2  ,27,215,Priority,
WD006,ESB Dungarvan 110kV,52.108365,-7.654886,8,WD006 ESB Dungarvan 110kV_1  ,21,90,Priority,
WD006,ESB Dungarvan 110kV,52.108365,-7.654886,8,WD006 ESB Dungarvan 110kV_2  ,21,280,Priority,
WD011,Cignal Portlaw,52.26880369,-7.330736306,205,WD011 Cignal Portlaw_1   ,42.5,10,Priority,
WD011,Cignal Portlaw,52.26880369,-7.330736306,205,WD011 Cignal Portlaw_2   ,42.5,100,Priority,
WD011,Cignal Portlaw,52.26880369,-7.330736306,205,WD011 Cignal Portlaw_3   ,42.5,210,Priority,
WD013,Vodafone Crohaun,52.15874634,-7.601716167,449,WD013 Vodafone Crohaun_1   ,17.3,95,Priority,
WD013,Vodafone Crohaun,52.15874634,-7.601716167,449,WD013 Vodafone Crohaun_2   ,17.3,280,Priority,
WD031,PVT WLRFM Dungarvan,52.04212804,-7.624949486,225,WD031 PVT WLRFM Dungarvan_1  ,18,125,Priority,
WD031,PVT WLRFM Dungarvan,52.04212804,-7.624949486,225,WD031 PVT WLRFM Dungarvan_2  ,18,295,Priority,
WD032,Cignal Knockaun,52.15956,-8.030911,224,WD032 Cignal Knockaun_1   ,20,0,Priority,
WD032,Cignal Knockaun,52.15956,-8.030911,224,WD032 Cignal Knockaun_2   ,20,185,Priority,
WH001,ESB Athlone TC,53.424048,-7.935437,43,WH001 ESB Athlone TC 1 ,49,30,Priority,
WH001,ESB Athlone TC,53.424048,-7.935437,43,WH001 ESB Athlone TC 2 ,49,150,Priority,
WH001,ESB Athlone TC,53.424048,-7.935437,43,WH001 ESB Athlone TC 3 ,49,270,Priority,
WH021,3IRL Moate Knocknadomney,53.40596223,-7.755180521,141,WH021 3IRL Moate Knocknadomney_1  ,37,30,Priority,
WH021,3IRL Moate Knocknadomney,53.40596223,-7.755180521,141,WH021 3IRL Moate Knocknadomney_2  ,37,140,Priority,
WH021,3IRL Moate Knocknadomney,53.40596223,-7.755180521,141,WH021 3IRL Moate Knocknadomney_3  ,37,280,Priority,
WH022,ESB Mullingar,53.53851,-7.37249,113,WH022 ESB Mullingar_1   ,23.7,20,Priority,
WH022,ESB Mullingar,53.53851,-7.37249,113,WH022 ESB Mullingar_2   ,23.7,20,Priority,
WH022,ESB Mullingar,53.53851,-7.37249,113,WH022 ESB Mullingar_3   ,23.7,150,Priority,
WH022,ESB Mullingar,53.53851,-7.37249,113,WH022 ESB Mullingar_4   ,23.7,150,Priority,
WH022,ESB Mullingar,53.53851,-7.37249,113,WH022 ESB Mullingar_5   ,23.7,270,Priority,
WH022,ESB Mullingar,53.53851,-7.37249,113,WH022 ESB Mullingar_6   ,23.7,270,Priority,
WW005,ESB Fassaroe,53.198372,-6.155025,101,WW005 ESB Fassaroe_1   ,25,130,Priority,
WW005,ESB Fassaroe,53.198372,-6.155025,101,WW005 ESB Fassaroe_2   ,25,260,Priority,
WW011,Towercom Ballyguille,52.9676,-6.04831,168,WW011 Towercom Ballyguille_1   ,23.5,325,Priority,
WW011,Towercom Ballyguille,52.9676,-6.04831,168,WW011 Towercom Ballyguille_2   ,23.5,200,Priority,
WW012,ESB Blessington,53.18425242,-6.525522463,220,WW012 ESB Blessington_1   ,25,27,Priority,
WW012,ESB Blessington,53.18425242,-6.525522463,220,WW012 ESB Blessington_2   ,25,205,Priority,
WW027,Cignal Ballymanus Upper,52.9574,-6.303326,463,WW027 Cignal Ballymanus Upper_1_L  ,26.5,0,Priority,
WW027,Cignal Ballymanus Upper,52.9574,-6.303326,463,WW027 Cignal Ballymanus Upper_1_R  ,26.5,0,Priority,
WW027,Cignal Ballymanus Upper,52.9574,-6.303326,463,WW027 Cignal Ballymanus Upper_2_L  ,26.5,120,Priority,
WW027,Cignal Ballymanus Upper,52.9574,-6.303326,463,WW027 Cignal Ballymanus Upper_2_R  ,26.5,120,Priority,
WW027,Cignal Ballymanus Upper,52.9574,-6.303326,463,WW027 Cignal Ballymanus Upper_3_L  ,26.5,240,Priority,
RN018,Cignal Rockville,53.87653346,-8.095161615,81,RN018 Cignal Rockville_1_L   ,25,30,#N/A,
RN018,Cignal Rockville,53.87653346,-8.095161615,81,RN018 Cignal Rockville_1_R   ,25,30,#N/A,
RN018,Cignal Rockville,53.87653346,-8.095161615,81,RN018 Cignal Rockville_2_L   ,25,150,#N/A,
RN018,Cignal Rockville,53.87653346,-8.095161615,81,RN018 Cignal Rockville_2_R   ,25,150,#N/A,
RN018,Cignal Rockville,53.87653346,-8.095161615,81,RN018 Cignal Rockville_3_L   ,25,260,#N/A,
RN018,Cignal Rockville,53.87653346,-8.095161615,81,RN018 Cignal Rockville_3_R   ,25,260,#N/A,
Site2,6,53.72428281,-6.864024821,61,Site206_1     ,23,311,#N/A,
Site2,6,53.72428281,-6.864024821,61,Site206_2     ,23,120,#N/A,
Site2,5,53.644067,-6.659878,46,Site205_1     ,18,330,#N/A,
Site2,5,53.644067,-6.659878,46,Site205_2     ,25,180,#N/A,
WD020,Cignal Slievenamona,52.201508,-7.343344,156,WD020 Cignal Slievenamona_1   ,20,0,#N/A,
WD020,Cignal Slievenamona,52.201508,-7.343344,156,WD020 Cignal Slievenamona_2   ,20,0,#N/A,
WD020,Cignal Slievenamona,52.201508,-7.343344,156,WD020 Cignal Slievenamona_3   ,20,140,#N/A,
WD020,Cignal Slievenamona,52.201508,-7.343344,156,WD020 Cignal Slievenamona_4   ,20,140,#N/A,
WD020,Cignal Slievenamona,52.201508,-7.343344,156,WD020 Cignal Slievenamona_5   ,20,240,#N/A,
WD020,Cignal Slievenamona,52.201508,-7.343344,156,WD020 Cignal Slievenamona_6   ,20,240,#N/A,
WHxxx,Cignal Replacement Site Killeenbrack,53.46760934,-7.581273418,150,WHxxx Cignal Replacement Site Killeenbrack_1_L ,15,0,#N/A,
WHxxx,Cignal Replacement Site Killeenbrack,53.46760934,-7.581273418,150,WHxxx Cignal Replacement Site Killeenbrack_1_R ,15,0,#N/A,
WW027,Cignal Ballymanus Upper,52.9574,-6.303326,463,WW027 Cignal Ballymanus Upper_3_R  ,26.5,240,Priority,
WW030,VF Baltinglass,52.9506,-6.72373,236,WW030 VF Baltinglass_1_L   ,33.5,25,Priority,
WHxxx,Cignal Replacement Site Killeenbrack,53.46760934,-7.581273418,150,WHxxx Cignal Replacement Site Killeenbrack_2_L ,15,120,#N/A,
WHxxx,Cignal Replacement Site Killeenbrack,53.46760934,-7.581273418,150,WHxxx Cignal Replacement Site Killeenbrack_2_R ,15,120,#N/A,
WHxxx,Cignal Replacement Site Killeenbrack,53.46760934,-7.581273418,150,WHxxx Cignal Replacement Site Killeenbrack_3_L ,15,240,#N/A,
WHxxx,Cignal Replacement Site Killeenbrack,53.46760934,-7.581273418,150,WHxxx Cignal Replacement Site Killeenbrack_3_R ,15,240,#N/A,
WHxxx,Cignal Rep Site VF Gneevebane,53.39445029,-7.352832599,132,WHxxx Cignal Rep Site VF Gneevebane_1_L,15,0,#N/A,
WHxxx,Cignal Rep Site VF Gneevebane,53.39445029,-7.352832599,132,WHxxx Cignal Rep Site VF Gneevebane_1_R,15,0,#N/A,
WW030,VF Baltinglass,52.9506,-6.72373,236,WW030 VF Baltinglass_1_R   ,33.5,25,Priority,
WW030,VF Baltinglass,52.9506,-6.72373,236,WW030 VF Baltinglass_2_L   ,33.5,170,Priority,
WW030,VF Baltinglass,52.9506,-6.72373,236,WW030 VF Baltinglass_2_R   ,33.5,170,Priority,
WW034,Cignal Ballycumber,52.8367,-6.4676,420,WW034 Cignal Ballycumber_1_L   ,19,40,Priority,
WW034,Cignal Ballycumber,52.8367,-6.4676,420,WW034 Cignal Ballycumber_1_R   ,19,40,Priority,
WW034,Cignal Ballycumber,52.8367,-6.4676,420,WW034 Cignal Ballycumber_2_L   ,19,160,Priority,
WW034,Cignal Ballycumber,52.8367,-6.4676,420,WW034 Cignal Ballycumber_2_R   ,19,160,Priority,
WW034,Cignal Ballycumber,52.8367,-6.4676,420,WW034 Cignal Ballycumber_3_L   ,19,285,Priority,
WW034,Cignal Ballycumber,52.8367,-6.4676,420,WW034 Cignal Ballycumber_3_R   ,19,285,Priority,
WX007,ESB Barrackcroghan Hill,52.7761,-6.29388,311,WX007 ESB Barrackcroghan Hill_1  ,36,40,Priority,
WX007,ESB Barrackcroghan Hill,52.7761,-6.29388,311,WX007 ESB Barrackcroghan Hill_2  ,37,120,Priority,
WX007,ESB Barrackcroghan Hill,52.7761,-6.29388,311,WX007 ESB Barrackcroghan Hill_3  ,37,200,Priority,
WX012,Towercom Forth Mountain,52.31657876,-6.562159208,218,WX012 Towercom Forth Mountain_1  ,37,60,Priority,
WX012,Towercom Forth Mountain,52.31657876,-6.562159208,218,WX012 Towercom Forth Mountain_2  ,37,160,Priority,
WX012,Towercom Forth Mountain,52.31657876,-6.562159208,218,WX012 Towercom Forth Mountain_3  ,37,300,Priority,
WHxxx,Cignal Rep Site VF Gneevebane,53.39445029,-7.352832599,132,WHxxx Cignal Rep Site VF Gneevebane_2_L,15,120,#N/A,
WHxxx,Cignal Rep Site VF Gneevebane,53.39445029,-7.352832599,132,WHxxx Cignal Rep Site VF Gneevebane_2_R,15,120,#N/A,
WHxxx,Cignal Rep Site VF Gneevebane,53.39445029,-7.352832599,132,WHxxx Cignal Rep Site VF Gneevebane_3_L,15,240,#N/A,
WHxxx,Cignal Rep Site VF Gneevebane,53.39445029,-7.352832599,132,WHxxx Cignal Rep Site VF Gneevebane_3_R,15,240,#N/A,
WW035,Towercom Glentigue,52.85328689,-6.145270477,261,WW035 Towercom Glentigue_1   ,22.5,20,#N/A,
WW035,Towercom Glentigue,52.85328689,-6.145270477,261,WW035 Towercom Glentigue_2   ,23,205,#N/A,
WX029,Cignal Slieveboy,52.65652617,-6.489742741,405,WX029 Cignal Slieveboy_1   ,13.5,20,Priority,
WX029,Cignal Slieveboy,52.65652617,-6.489742741,405,WX029 Cignal Slieveboy_2   ,13.5,20,Priority,
WX029,Cignal Slieveboy,52.65652617,-6.489742741,405,WX029 Cignal Slieveboy_3   ,13.5,120,Priority,
WX029,Cignal Slieveboy,52.65652617,-6.489742741,405,WX029 Cignal Slieveboy_4   ,13.5,120,Priority,
WX029,Cignal Slieveboy,52.65652617,-6.489742741,405,WX029 Cignal Slieveboy_5   ,13.5,260,Priority,
WX029,Cignal Slieveboy,52.65652617,-6.489742741,405,WX029 Cignal Slieveboy_6   ,13.5,260,Priority,
WX039,Towercom Drumgold,52.49999507,-6.540807986,91,WX039 Towercom Drumgold_1   ,36,25,Priority,
WX039,Towercom Drumgold,52.49999507,-6.540807986,91,WX039 Towercom Drumgold_2   ,36,185,Priority,
WX044,Cignal White Mountain,52.5068,-6.8428,497,WX044 Cignal White Mountain_1  ,18,115,Priority,
WX044,Cignal White Mountain,52.5068,-6.8428,497,WX044 Cignal White Mountain_2  ,18,290,Priority,
WX046,Cignal Carrigroe Hill,52.589111,-6.390932,208,WX046 Cignal Carrigroe Hill_1  ,32,150,Priority,
WX046,Cignal Carrigroe Hill,52.589111,-6.390932,208,WX046 Cignal Carrigroe Hill_2  ,32,350,Priority,
WX052,Cignal Slievenagorea,52.4872,-6.4268,148,WX052 Cignal Slievenagorea_1   ,25,120,Priority,
WX052,Cignal Slievenagorea,52.4872,-6.4268,148,WX052 Cignal Slievenagorea_2   ,25,275,Priority,
WXxxx,Cignal Replacement Site Ballinaroun,52.413621,-6.383286,92,WX043 Vodafone Ballinrooaun_3,20,190,#N/A,
WXxxx,Cignal Replacement Site Ballinaroun,52.413621,-6.383286,92,WX043 Vodafone Ballinrooaun_3,20,30,#N/A,
